pack_id,pack_name,frequency,mean_cosine_distance_to_co_shared
114217,Sources you can trust,104,0.9338189139962196
114211,Extraordinary Women,56,0.9078541376761028
231272,Blue glorious #BlueCrew,54,0.5229858745027471
114210,There’s no such thing as Antifa,53,0.9055165524752635
154019,🌈 Xarek's Gay Furry Starter Pack 🐻!,48,0.6636374493439993
231274,Blue glorious #BlueCrew 3. Glorious legends within,47,0.45497399695376134
231273,Blue glorious #BlueCrew 2,46,0.4500320877717889
61439,Bonde do Clima e Meio Ambiente,44,0.8676719882271506
17934,Democratic Members of Congress & Content Creators,44,0.6651859337633307
311217,Journalists & Creators Vol. 2 🦋,42,0.8216445389248076
114916,Test,41,0.887481442311915
113137,Artificial Intelligence Research & News,30,0.7356729626655578
218111,Joel 🇬🇧's Starter Pack,30,0.49459699193636575
189861,FPL,30,0.4228756308555603
365276,must follow pack,29,0.6008358906055319
148431,European Union on bsky,29,0.6509593827971096
192123,FPL Community,29,0.43570742319370137
173822,FPL Accounts,29,0.43071495664530784
114216,Journalists,28,0.854110734803336
35921,cat pack 1!!,28,0.41339537501335144
114209,Abolitionists and Adjacents,27,0.7366990954787643
540,Everton people 1,27,0.6425194055945785
35922,cat pack 2!!,27,0.41412740725058095
315943,FPL Pack v3.0 - Essential & ACTIVE FPL Accounts,26,0.4028361921127026
315944,FPL Pack v4 - UPDATED! The very best FPL accounts,26,0.3419017058152419
315942,FPL 2.0 Pack - Essential (and ACTIVE) FPL Accounts,26,0.3926390019746927
77800,Indivisible Spotlight (full),25,0.7428259587287903
188067,FF Community,24,0.5025462259848913
206653,Indivisible Groups on BlueSky - Part 1,24,0.49392570555210114
319355,FPL ConQueror’s Starter Pack,24,0.4422580301761627
343644,Texas News📰Starter Pack #2-Texas Fighting Liberal,24,0.3370666528741519
343646,Texas Starter Pack #4📰By Texas Fighting Liberal,24,0.35446648051341373
343647,Texas News Hub📰Politics🏈Texas Fighting Liberal 5,24,0.3880874812602997
317490,Abolition Activists,23,0.7179872834164164
313911,Fantasy Football Starter Pack,23,0.4736062832500624
71407,Citizen Bernard's Starter Pack,23,0.6518551810928013
288093,A list of cool lit mags/presses,23,0.432575814102007
343782,Onward Evertonians,23,0.49517040149025293
86973,50501 - LET’S GO!!,23,0.4281060436497564
327951,50501 Groups on Bluesky,23,0.453212541082631
15734,CATS,23,0.6050235680911852
117011,AI Master List,22,0.643895065242594
307476,"50501 State,Regional and City",22,0.47673663226040924
311222,"Education-like democracy, is always in the making.",21,0.871791538738069
98419,Indivisible groups,21,0.48307379370643977
254827,🧡Biskitty Boy 🇨🇦 the good cat's Starter Pack,21,0.44838515917460126
315945,FPL Pack v5 - UPDATED for 25/26! Best of bsky FPL,21,0.39649087474459693
348069,Startpaket von Bonkerfella 🇩🇪🇺🇦🏳️‍🌈,20,0.7384416371583938
315640,FPLChyelo's Ultimate Starter Pack 2,20,0.44210396707057953
214146,Indie hackers,20,0.50215685069561
281429,Bookish folks,20,0.5532682180404663
86962,Indivisible but Very Visible,20,0.4824128240346909
142495,Follow all for great FPL content and banter,20,0.5911851704120636
118298,We The 50501: Power of the People,20,0.5218894481658936
274691,FPL Accounts,20,0.4082351833581924
53736,‪iykyhfrankherbert.bsky.social‬'s Starter Pack,19,0.6566267170404133
282804,The Rambling Toffee's Starter Pack,19,0.5857457549948442
201555,Janis La Couvée's litmags and presses starter pack,19,0.5432105911405463
340520,Meet Prince Toby’s New Followers!,19,0.6250804474479273
263402,The Defenders of Democracy Friends & Allies #6,19,0.4854926655167027
343648,Texas News Hub📰Politics Texas Fighting Liberal #6,19,0.3423821581037421
114219,Gang gang,18,0.8804654512140486
79746,Don’t Back Down,18,1.046731087896559
170730,The Capitalocene,18,0.6970245573255751
86963,Indivisible but super visible v2,18,0.6155103113916185
59634,MCBROTHER's Starter Pack,18,0.5923527479171753
59636,MCBROTHER's Starter Pack,18,0.6047377818160586
246109,Java Developer Community Pack 2,18,0.5013140108850267
172185,Mufc followers,18,0.5905800296200646
280052,"Authors of Crime, Mystery and Thriller Books",18,0.44469684693548417
263519,NAFO Starter Pack,18,0.5237144000000424
203550,1 Fantasy Football Creators,18,0.5320337017377218
51356,Follow The Vegans! BlueSky Vegans Galore,18,0.40577076541052925
24028,Everton FC Starter Pack,18,0.4470137390825484
287389,Indivisible on Bluesky 1,18,0.4904048641522725
135058,Toy Makers,18,0.3695083028740353
314776,SLAVA UKRAINI starter pack,17,0.653105336077073
110942,Everton,17,0.5621095475028542
225633,STEM Writers and Science/Medical Historians,17,1.0262279370251823
168872,Java Champions [1/2],17,0.5389676865409402
205342,Litmags,17,0.5432308666846332
89855,‪comdok.bsky.social‬'s Starter Pack,17,0.6810977564138525
143169,Chamber UK's starter pack,17,0.6557471226243412
350124,(Fantasy) Football Follows,17,0.5763949260992163
330602,Java Masters Starter Pack,17,0.5476350889486425
17549,Kenz's Swiftie Starter Pack!!!,17,0.4375425892717698
71718,FPL Ron Manager's Starter Pack,17,0.5035687124027926
325647,nsfw toys,17,0.4396795385024127
327904,FPL starter pack,17,0.374306857585907
31259,Independent News Media,17,0.38315627154181986
310308,Independent News Media,17,0.38596845023772297
319939,Independent News Media,17,0.38596845023772297
32088,John Yates starter pack,16,0.6988722905516624
256767,cute art recommendations ✿,16,0.49135804176330566
244225,Tom Joad Emergency Starter Pack,16,0.5606822520494461
17932,Happy Holidays-Democracy Defender Worldwide Allies,16,0.6892659701406956
223290,Kenneth Christensen's Starter Pack,16,0.4845752865076065
67442,Everton Blueskiers,16,0.561274666339159
228184,Comic Creators,16,0.4717890992760658
35968,MTG & DnD Artists,16,0.4659467302262783
263401,The Defenders of Democracy Starter Pack 5,16,0.5796788856387138
151242,GRENADIER BEACHFRONT VILLA COMPLEX,16,0.4709561727941036
184516,SWIFTIE STARTER PACK,16,0.41405950486660004
157016,Vegans of Bluesky 🌱,16,0.4499226398766041
182048,Toy Companies,16,0.4608183950185776
305135,Independent News Media,16,0.3993354104459286
133030,Independent News Media,16,0.40444277599453926
114213,Radical Care,15,0.8381542046864827
241111,The UTFT starter pack 💙,15,0.6800953308741252
53738,Here are some great Blue accounts to follow,15,0.7362567981084188
262846,🌱 Artmoots Starter Pack,15,0.422924812634786
219266,Indivisible United,15,0.5945230642954509
82129,United starter pack,15,0.6391913970311482
334200,"Democrat Senators, Gov'ns, Congress Wo/Men",15,0.6191564679145813
30822,"Just Live, Who Gives A F***",15,0.7411165118217469
25774,#InternationalFriendshipDay Starter Pack,15,0.6271170179049174
102926,UK MPs 2024,15,0.4600071946779887
297910,Artists You Should Follow,15,0.4840182860692342
263403,The Defenders of Democracy Friends & Allies,15,0.45788960456848143
223492,Art Game Dev Pack,15,0.5293846090634664
188745,UK MPs and MSPs,15,0.5615020593007406
361016,Rosalind Barden author's Starter Pack,15,0.4966687520345052
16896,1st and Down Bad- Chiefs Kingdom Swifties,15,0.5687681555747985
107276,Swiftie starter pack,15,0.4169332146644592
239811,US Labor Unions & Friends,15,0.39341512123743694
197946,50501 Groups,15,0.34385270277659097
93807,Active and interacting FPL accounts,15,0.40199649731318154
25779,Star Trek Meet & Greet #2,14,0.7398314646312169
32087,People  think are excellent,14,0.9337324457509177
59818,Microsopy and image analysis - a subset,14,0.7267811724117824
319465,Artists,14,0.7822077998093196
193647,MLB Bluesky Mega Starter Pack,14,0.5082984609263284
10526,Lit mags and small presses!,14,0.426727580172675
39422,Strictly Builders,14,0.6110257250922067
61445,Bonde da Ilustração,14,0.5053463365350451
112642,NBA Twitter,14,0.6543586466993604
214728,Skyefrost k1 Art moots,14,0.5372943537575858
82726,NAFO Starter Pack 1,14,0.4677874871662685
151189,A BULLY BOY CHICKEN BEHIND BARS CARTOON,14,0.6717062166758946
340519,Prince Toby's Starter Pack,14,0.515442601272038
54527,Psychedelics Starter Pack,14,0.480099367243903
211242,Mind Lumen's Starter Pack,14,0.5420022053377969
92695,"Crime, thriller and mystery writers",14,0.4645862579345703
165674,SWIFTIE STARTER PACK,14,0.3968868340764727
207410,The Defenders of Democracy Friends & Allies #1,14,0.4579754429204123
241192,NUFC starter pack Nov - 2024,14,0.49937457697732107
51351,Active Vegan & Animal Rights Accounts,14,0.4890893314565931
313820,Vegan Friends,14,0.437556403023856
41067,Amazing Pixel Artists (Part 1),14,0.4084848591259548
13551,Game Artists You Should Follow Right Now,14,0.4985753042357309
168943,Great Game Dev Artists,14,0.45171424746513367
343212,Fantasy & Indie Sex Toy Makers,14,0.38930046558380127
140205,Artists to follow,13,0.5524858373862046
259965,‪witchdoctor01.bsky.social‬'s Starter Pack,13,0.6662428608307471
203629,Blue Liberty Starter Pack,13,0.7366744004763089
51611,"Crime, mystery &thriller",13,0.6109900428698614
92868,Thunder's Starter Pack III,13,0.619770701114948
319464,My 3rd Starter Pack - Great peeps to follow,13,0.7654827558077298
287388,Indivisible on Bluesky 2,13,0.5879840071384723
299503,Bsky Fellas 1,13,0.6796987652778625
334655,Writer Starter Pack - Part 1,13,0.5612942117911118
25773,George’s Birthday Bash Starter Pack,13,0.6533454885849586
349064,I Just Think They're Neat,13,0.6028958559036255
92306,BatteriesNI's Starter Pack,13,0.5883676226322467
154020,🌈 Xarek's Gay (Real Men) Starter Pack 💪!,13,0.6499588581231924
25766,Kinley 🦋 Brenda Starter Pack #21,13,0.5350450644126306
29482,Crème de la Crème of Indie Hackers 🦋,13,0.5917766736103938
48866,#1 MUFC - Manchester United - by MUST,13,0.5367789635291467
51101,Best of the best!,13,0.7848936731998737
151173,TRUDEAU'S SOCIAL MEDIA CANADA #PoliticalSatire,13,0.7007223734488854
151174,INTERNATIONAL AID DEVELOPMENT AGENCIES UK CA,13,0.7020551974956806
43440,Incredible Artists 🖤,13,0.5340055594077477
348284,Awesome creatives! 🦋🎨✨,13,0.5357310359294598
25764,Kinley 🦋 Brenda Starter Pack #19,13,0.5586331486701965
212871,Literary Agents and Agencies,13,0.5569206613760728
146624,Amazing Artists,13,0.572062992132627
262850,Artist Support 🌸✨,13,0.4561153512734633
139904,Literary Agents on BlueSky!,13,0.48986440438490647
347952,Jessica Elena's Art & Drawing Starter Pack,13,0.5190340234683111
43162,Rose Macabre's Starter Pack,13,0.5960832834243774
138587,@‪claudia07.bsky.social‬'s Starter Pack,13,0.4610421840961163
192680,Brooklyn Bailey Markowski's Starter Pack,13,0.5656373546673701
86257,Orange and BlueSky,13,0.5535866984954247
351031,#NUFC Starter Pack #1,13,0.46666319095171416
262849,OC Artists Pack! 🌷,13,0.4045554216091449
107655,SILICONE SLINGERS,13,0.5945122012725244
35851,Swifties🫶🏼,12,0.8251545131206512
54958,The Jungle,12,0.8778459578752518
202572,RadiantRito's Starter Pack,12,0.5282824138800303
299506,#NAFOWelcomeFellas,12,0.5732533037662506
327183,‪jockstraplicker.bsky.social‬'s Starter Pack,12,0.6045935451984406
244219,Tom Joad™️ Protest Pack # 1,12,0.5421878596146902
22503,Andrew Optimisey's Starter Pack,12,0.7348424345254898
32085,John Yates,12,0.7059096445639929
266381,REVERSING HARMFUL CLIMATE ROLLBACK,12,0.5460386921962103
121096,Evertonians only pack,12,0.5172572533289591
77802,Spotlighting Indivisible,12,0.7144749959309896
293878,Scottish independence pack,12,0.46205853919188183
24787,Women in Tech,12,0.81950410703818
58410,Nonprofit Trailblazer Community,12,0.6009722997744879
