shared_packs,n_obs,obs_mean_cosine,matched_zero_mean_cosine,diff_obs_minus_matched
1,22791,0.10403108068834489,0.05280692082773429,0.0512241598606106
2,22498,0.1190347242854641,0.05795626694832657,0.061078457337137536
3,23645,0.13243538180315922,0.06272002234529264,0.06971535945786658
4,23993,0.1382318532130297,0.06535563264398794,0.07287622056904175
5,24173,0.1413133103502967,0.06764525002625181,0.0736680603240449
6,24180,0.14510942907221272,0.06889288484199807,0.07621654423021465
7,24221,0.14834164088993138,0.07104079720411549,0.07730084368581588
8,3667,0.15144968690417784,0.07243349072986267,0.07901619617431517
9,2747,0.15227290981456698,0.07433150488211672,0.07794140493245026
10,2193,0.15141682283188235,0.0737330370008536,0.07768378583102875
11,1659,0.15247570971575022,0.07312538439619026,0.07935032531955996
12,1367,0.15949665899664878,0.0736391267803346,0.08585753221631418
13,1125,0.15863608010498675,0.07677985022895126,0.0818562298760355
14,996,0.15445933264923117,0.07781713991218665,0.07664219273704452
15,839,0.15505138038807717,0.07572609567683433,0.07932528471124284
16,682,0.15858175715671358,0.07780051716452493,0.08078123999218864
17,604,0.15865969894009804,0.06835420916196913,0.09030548977812891
18,593,0.15407140678150508,0.06782756843655695,0.08624383834494813
19,455,0.15243630866583374,0.0723292862413008,0.08010702242453294
20,458,0.1555832124119703,0.075945857698957,0.0796373547130133
21,403,0.15410686945574367,0.07194893570440741,0.08215793375133626
22,340,0.16017182364862487,0.0700544446154725,0.09011737903315237
23,307,0.15989446568836985,0.07426971870494987,0.08562474698341997
24,267,0.1556733171393508,0.07314787609863727,0.08252544104071352
25,247,0.16247781329845404,0.07130501336391888,0.09117279993453516
26,229,0.17156682587970565,0.0718047555321427,0.09976207034756295
27,244,0.16523583917981793,0.06873018388187475,0.09650565529794318
28,205,0.16874866541882924,0.068318453797418,0.10043021162141125
29,208,0.1621630274469936,0.0727024647881513,0.0894605626588423
30,173,0.17181115841434247,0.06982811525155566,0.10198304316278681
31,156,0.16974387347536352,0.073792465309523,0.09595140816584051
32,161,0.16544703907969396,0.05689874909892745,0.10854828998076652
33,163,0.16228279498075643,0.07527927673972086,0.08700351824103557
34,136,0.17293003027504353,0.06771968360935877,0.10521034666568475
35,147,0.16963311700781633,0.08656646208099308,0.08306665492682325
36,136,0.15547659194409405,0.05696087733447813,0.09851571460961592
37,106,0.17380233821100613,0.0783795882555647,0.09542274995544144
38,103,0.17626594644357776,0.07429663190294444,0.10196931454063332
39,108,0.17017708172448545,0.0781711991368004,0.09200588258768505
40,99,0.17539882537299198,0.07169852345662049,0.10370030191637149
41,84,0.17128128750956392,0.0835883840177127,0.08769290349185123
42,86,0.1716510065524373,0.07558586350897777,0.09606514304345955
43,85,0.16155826035127607,0.07374849613325388,0.0878097642180222
44,70,0.1668854068181599,0.06823639400608218,0.0986490128120777
45,65,0.1589778875071584,0.07064192959164163,0.08833595791551678
46,61,0.16330727279379922,0.048226975314435046,0.11508029747936419
47,69,0.16252934251965384,0.043750741544189835,0.118778600975464
48,64,0.1898141292218232,0.03665752274862228,0.15315660647320092
49,63,0.16009401059732994,0.06810328986906646,0.09199072072826349
50,54,0.17175255781142582,0.06807001383481254,0.10368254397661328
51,53,0.1727587264427331,0.08999040042470062,0.08276832601803248
52,65,0.17110930824518994,0.08505952488621574,0.0860497833589742
53,53,0.1749857041392605,0.09927001695207269,0.07571568718718782
54,42,0.18325655000872243,0.028217556622787916,0.15503899338593452
55,47,0.18919251093788195,0.12295417039516761,0.06623834054271434
56,44,0.1768477808684798,0.12295417039516761,0.05389361047331219
57,36,0.18494303524293026,0.08174945793208388,0.10319357731084638
58,36,0.1525448236089038,0.12295417039516761,0.029590653213736204
59,48,0.1673835694868175,0.12295417039516761,0.044429399091649904
60,39,0.18758916461351138,0.12295417039516761,0.06463499421834377
61,38,0.19299585982850978,,
62,41,0.1438561028888794,0.12295417039516761,0.020901932493711792
63,40,0.17809638283195173,0.06823639400608218,0.10985998882586955
64,40,0.17099810163753845,0.12295417039516761,0.048043931242370844
65,36,0.1850305895660991,0.12295417039516761,0.0620764191709315
66,31,0.20978333488078807,0.12295417039516761,0.08682916448562046
67,36,0.19456410971559113,,
68,24,0.15537554209768079,,
69,36,0.1684671287257301,0.12295417039516761,0.0455129583305625
70,38,0.17161532423269674,0.12295417039516761,0.04866115383752913
71,28,0.19105910752491304,0.12295417039516761,0.06810493712974543
72,32,0.164556863576638,0.12295417039516761,0.041602693181470404
73,28,0.16622388166848806,0.12295417039516761,0.04326971127332045
74,28,0.20373920070845933,,
75,28,0.16088088507361128,,
76,27,0.17253764880591294,,
77,27,0.1739247454149558,0.12295417039516761,0.0509705750197882
78,22,0.19188693703599843,,
79,22,0.16819812503426687,0.12295417039516761,0.04524395463909926
80,29,0.17741654797850295,,
81,22,0.17272234210018886,,
82,22,0.1907763645416405,,
83,17,0.20258257389378473,,
84,18,0.16016447667886574,0.12295417039516761,0.03721030628369813
85,17,0.1599086824197583,,
86,21,0.15952070546820024,,
87,20,0.16090732979171837,0.12295417039516761,0.037953159396550765
88,13,0.16347120174757374,,
89,21,0.15409162196650486,0.12295417039516761,0.031137451571337252
90,19,0.17769037813752317,0.12295417039516761,0.05473620774235556
91,11,0.11798119659041921,,
92,10,0.15444329405082846,,
93,10,0.18549299724481214,,
94,16,0.1622428699259057,,
95,12,0.1179478300888142,,
96,11,0.20763192056650467,0.12295417039516761,0.08467775017133707
97,14,0.185470734027068,,
98,13,0.19479834102893237,,
99,16,0.15181919368450464,,
100,5,0.20724129785017573,,
101,13,0.14472246973983036,,
102,9,0.20576393777153026,,
103,11,0.2156303684196286,,
104,15,0.19074255966910844,0.12295417039516761,0.06778838927394083
105,17,0.15267897858474597,,
106,11,0.17705371942630252,,
107,11,0.1321478808259073,,
108,11,0.1756185766765026,,
109,7,0.14984113938575128,,
110,11,0.16746894074278107,,
111,14,0.17401446613676258,,
112,10,0.21073666029895516,,
113,9,0.19513998830751478,,
114,8,0.20424424077319325,,
115,15,0.16620807226011075,,
116,6,0.2511468620951037,,
117,8,0.19447159844804268,,
118,7,0.19987022354832426,,
119,12,0.19118898460342595,,
120,6,0.12058700576168119,,
121,12,0.1936420097865141,,
122,14,0.2052750400741659,,
123,6,0.18537076143158615,,
124,9,0.14829461665316368,,
125,10,0.13890400889274052,,
126,9,0.21685138753216407,,
127,5,0.1321253868886914,,
128,4,0.12131864585593118,,
129,11,0.18769273273136802,0.12295417039516761,0.06473856233620041
130,8,0.16867233074057242,,
131,3,0.14612599148800923,,
132,8,0.1509210311138917,,
133,9,0.13366080207457764,,
134,6,0.2031926805250951,,
135,7,0.19791110826696037,,
136,9,0.2166777803041886,,
137,5,0.11641441158412554,,
138,11,0.1831811209130606,,
139,6,0.20707717278798912,,
140,7,0.11904411525117894,,
141,2,0.17384395689859783,,
142,7,0.14156125241877748,,
143,10,0.15329171814100834,,
144,9,0.19122475279271783,,
145,7,0.19525961223852098,,
146,3,0.15930620362458814,,
147,6,0.13746083323154865,,
148,4,0.25848791727456644,,
149,8,0.1486077718935463,,
150,2,0.12898121062601797,,
151,3,0.269314415777306,,
152,3,0.15549508358975556,,
153,8,0.197465309342234,,
154,3,0.2578137273327636,,
155,4,0.15310955632857268,,
156,5,0.17225457968624458,,
157,10,0.18005699183609228,,
158,3,0.2081303469147705,,
159,5,0.2393779322317607,,
160,4,0.18799918418093337,,
161,9,0.17882013588443443,,
162,1,0.08100118566146033,,
163,4,0.24853470887317775,,
164,3,0.21261511601304753,,
165,3,0.1544682854778162,,
166,5,0.2782978151529209,,
167,4,0.19053562806867802,,
168,8,0.1945731097225777,,
169,3,0.22594577789257278,,
170,6,0.1972450036628104,,
171,4,0.24844133833489887,,
172,3,0.16240697892076225,,
173,5,0.14109599949183999,,
174,5,0.17470379270785913,,
175,9,0.18339404113676033,,
176,5,0.237258852603465,,
177,5,0.2259969171959531,,
178,1,0.19568271885053384,,
179,3,0.20180735417543594,,
180,4,0.15834936790883855,,
181,4,0.19922711821967398,,
182,2,0.24376284130481668,,
183,4,0.18335810618729928,,
184,4,0.16096911242283302,,
185,8,0.23032184575833078,,
186,2,0.1586686603312621,,
187,4,0.13691855673322234,,
188,3,0.23473475067905278,,
189,3,0.13857909623663223,,
190,3,0.20773191507602337,,
191,4,0.19856498273428416,,
192,2,0.18286750027517645,,
193,5,0.18566964447572656,,
194,2,0.15396054659422026,,
195,2,0.1982477698795713,,
196,5,0.18171966887369342,,
197,2,0.2317133332467422,,
198,4,0.15427278735917507,,
199,3,0.12187848561512506,,
200,3,0.14302923302154377,,
201,1,0.06412379404876628,,
202,4,0.14186953610025735,,
203,5,0.17782187876641378,,
204,7,0.21561761107167515,,
205,2,0.21999589830683455,,
206,1,0.24535126621924722,,
207,3,0.15968126564564003,,
209,4,0.2360651803165254,,
210,4,0.16935970691207122,,
211,6,0.18637131420323064,,
212,3,0.20711748774384664,,
213,3,0.21273612483032045,,
214,1,0.13106289300853918,,
215,5,0.12026081605450871,,
216,4,0.20355030507950067,,
217,3,0.1664319868376458,,
218,9,0.1393849011804101,,
219,2,0.0832709908343192,,
220,2,0.08439849550709122,,
221,1,0.2751583446273993,,
222,1,0.08598988345051849,,
225,3,0.16564985009095956,,
226,6,0.11849461834434728,,
227,2,0.1386660680576213,,
228,2,0.19176969414253378,,
229,3,0.19672629536280564,,
230,1,0.021966860927679854,,
231,2,0.16407473278874818,,
232,4,0.1498412503299832,,
233,1,0.2582722833554782,,
234,5,0.201303563432168,,
236,2,0.17080129395096258,,
237,6,0.20921863365166884,,
238,4,0.10464082265096461,,
239,4,0.2483472013380672,,
240,2,0.14807907027422498,,
241,3,0.19600917030791712,,
242,2,0.21969968590500816,,
243,1,0.002466384319571105,,
244,3,0.1698714301180415,,
245,2,0.17842657832575087,,
246,2,0.2331786003433656,,
247,2,0.1480942769163716,,
248,2,0.14702220141062983,,
249,2,0.15285548209196512,,
250,2,0.15672251381703822,,
251,1,0.1362750231405796,,
252,2,0.2657310679505846,,
253,5,0.15666085034807403,,
254,1,0.06600484882841508,,
255,1,0.3483372535272633,,
256,2,0.1661957288922101,,
257,1,0.1485529694605138,,
258,2,0.2121141885018797,,
259,5,0.22013030272260686,,
260,4,0.1660408302118559,,
261,1,0.0805849303596903,,
262,2,0.11227023884097734,,
263,3,0.20314104130882224,,
264,2,0.23385331462734144,,
265,1,0.2402836705317757,,
266,2,0.3469637937406982,,
267,4,0.12538768848009058,,
268,1,0.05156608224712896,,
269,1,0.27290104186603736,,
270,1,0.15951440940050077,,
271,1,0.3934892826230092,,
273,3,0.22689650531058267,,
275,1,0.3436794925482445,,
276,3,0.19672284809197157,,
277,3,0.14603471151098343,,
278,5,0.14868953059220577,,
280,1,0.30185884431687166,,
281,2,0.1647970556180024,,
283,3,0.14792966543363714,,
285,4,0.24076826641468546,,
286,1,0.24994258532131536,,
287,3,0.13223659375171345,,
288,5,0.18735874722138324,,
289,2,0.15469954751530884,,
290,1,0.2600691804527845,,
291,2,0.250439879769471,,
292,1,0.25911415964973994,,
293,2,0.2200505591814243,,
294,1,0.1514089163792206,,
297,1,0.2185735018462507,,
299,3,0.16975131430614843,,
300,1,0.19237482945515677,,
301,2,0.11576203386018474,,
302,3,0.16708915748694186,,
303,2,0.1571405586957767,,
304,1,0.18230867406493367,,
307,2,0.32518078391094807,,
308,1,0.024348445969306163,,
309,2,0.2308983408067319,,
310,3,0.11172332868547812,,
311,1,0.20756564002411293,,
312,1,0.20673571625145198,,
313,1,0.182961013262195,,
314,3,0.28096997383704503,,
315,2,0.05311307076354711,,
316,1,0.11153010721949386,,
317,2,0.10553116752168895,,
318,2,0.08450816705303371,,
320,2,0.24132436309366084,,
321,4,0.23327249274692793,,
322,1,0.1794927569659161,,
323,2,0.17600977439186127,,
324,1,0.2797429170613124,,
325,2,0.2515755286182765,,
326,2,0.08491947971826712,,
327,2,0.13468436723014848,,
328,2,0.1052954727867591,,
330,1,0.2305784125885824,,
331,3,0.3432696413118838,,
332,2,0.12678870993076968,,
333,4,0.14196826753057104,,
334,1,0.1733634157534913,,
337,4,0.14762969837903872,,
338,2,0.10951677279575406,,
339,2,0.2930486699379993,,
340,1,0.2464486730637887,,
341,2,0.1922944708600426,,
343,2,0.14176031835805053,,
344,1,0.1921065451801274,,
345,3,0.16775907141745003,,
346,1,0.18817837614230798,,
347,1,0.22261201788383206,,
348,1,0.3490291501735147,,
350,1,0.27724965498841136,,
352,2,0.18729352716999814,,
353,1,0.26363813114851675,,
357,1,0.2756852270580112,,
358,1,0.16964563703716723,,
359,1,0.3911906656692294,,
360,1,0.18685823625673098,,
361,1,0.24132084329995157,,
363,1,0.23222573406913127,,
364,2,0.13153139383893825,,
365,2,0.10888858790107354,,
366,2,0.1600545203569466,,
368,1,0.1748685745184787,,
369,2,0.2505821689028497,,
370,1,0.14680549715577584,,
372,2,0.12485129709961196,,
373,2,0.11195775637039342,,
376,2,0.19940054347595632,,
378,1,0.22558488500569465,,
380,2,0.27884399091805945,,
381,1,0.20669843187167938,,
382,3,0.10013585964235254,,
385,1,0.19643763799658093,,
386,1,0.18851345696908337,,
387,2,0.19134486161341036,,
389,1,0.1431233037055144,,
391,1,0.20826893927458162,,
392,2,0.14155088185265435,,
393,3,0.19116385993971693,,
394,1,0.12633813410190745,,
397,2,0.17664452411031936,,
399,1,0.06642156174777805,,
401,3,0.1858548682290986,,
403,2,0.22358660252831164,,
404,1,0.21934206972177156,,
405,1,0.27871967770152223,,
406,2,0.18328379589538796,,
408,1,0.3255086816826691,,
411,1,0.3980099044309674,,
415,1,0.33099112059373736,,
416,2,0.242315057570481,,
418,3,0.20398870770559954,,
419,1,0.21662734772898898,,
426,1,0.14025867115843707,,
427,3,0.11935061098147957,,
428,3,0.10821995962521595,,
430,1,0.07007067596686513,,
432,1,0.014079669266687063,,
433,1,0.14946991078061667,,
435,1,0.19070905262904697,,
436,2,0.2400118210125606,,
441,4,0.20222439018411953,,
446,2,0.18462805461850063,,
447,1,0.23357254843286623,,
448,1,0.21773605037807087,,
452,2,0.21126293498901272,,
453,1,0.16054913816363958,,
459,1,0.24235688837705938,,
460,2,0.17722966578976995,,
462,2,0.15016656863748165,,
469,1,0.06299728046940804,,
470,1,0.05469976098087234,,
473,1,0.18507968462173807,,
477,1,0.2779091199892132,,
478,2,0.16830551938843735,,
479,1,0.14312843194580147,,
480,1,0.04397216269330342,,
483,3,0.1991359449933369,,
484,1,0.23227262227929743,,
487,1,0.20386801283529254,,
495,1,0.0829293086105593,,
500,2,0.2428683633084065,,
501,1,0.21299224097619468,,
504,1,0.2969650432761738,,
510,1,0.2270011160898212,,
512,2,0.3283343148697585,,
517,1,0.23816038051721453,,
520,1,0.31910465934782,,
521,1,0.19165961827970812,,
522,1,0.002840229248849785,,
528,1,0.2382334404247335,,
534,1,0.0792495660198492,,
536,1,0.08009099387836911,,
537,1,0.15084342017055608,,
539,3,0.27371654281437424,,
541,1,0.34564213232127833,,
543,1,0.21532923173099872,,
551,1,0.27171475192320205,,
559,2,0.17439107403366938,,
563,1,0.156680068771627,,
565,1,0.3155193739609144,,
572,1,0.31434947811586567,,
573,1,0.053621404582019055,,
574,1,0.1164166636817542,,
583,1,0.045871099423768616,,
586,1,0.1454768914764783,,
589,1,0.0031198875785832655,,
594,1,0.30180336116148454,,
596,1,0.07829384750078616,,
598,1,0.4026675935775182,,
600,1,0.13478467677789166,,
602,1,0.07202272548939809,,
606,2,0.1833380848281419,,
610,1,0.03366542306649571,,
611,1,0.027151689846166734,,
616,1,0.27369911376553846,,
628,1,0.19221827023516003,,
641,1,0.07628035854491384,,
644,1,0.1639276020629815,,
645,2,0.25626802059856435,,
646,1,0.04872147548195281,,
653,1,0.2340140511086118,,
659,1,0.25803277490551124,,
664,1,0.3302129090090324,,
684,1,0.09171359169541976,,
691,1,0.06636721172566906,,
701,1,0.28929020289150065,,
705,1,0.1649574703898623,,
706,1,0.16563338086885424,,
707,2,0.14127571135133238,,
715,1,0.1526770405410574,,
720,1,0.1639507590536307,,
728,1,0.22600577135264938,,
743,1,0.2846544739748529,,
752,1,0.1397504276117955,,
756,1,0.09357509621979213,,
762,1,0.17483160219531307,,
770,1,0.22875850241257575,,
772,1,0.2125347962434011,,
779,1,0.23441678613948094,,
786,1,0.1411241666124951,,
788,1,0.23409039148623534,,
802,1,0.2651694004580344,,
807,1,0.32110592546215144,,
814,1,0.16019346783362623,,
816,1,0.23399289337260876,,
817,1,0.139586505431918,,
819,1,0.33522271082597,,
826,1,0.33986772578159374,,
833,1,0.2853646065431138,,
838,1,0.06444708180916789,,
839,1,0.3152716102196602,,
848,1,0.4282326673969462,,
849,1,0.11873101998061653,,
853,1,0.2801268291491666,,
857,1,0.14394641931258714,,
863,1,0.3015734366679631,,
864,1,0.2688946829007051,,
871,1,0.2159437699417525,,
875,1,0.17459367782516472,,
876,1,0.04229156638048088,,
883,1,0.17397138496846995,,
918,1,0.20060428871128866,,
940,2,0.14403439639786286,,
943,2,0.24489920327615228,,
973,1,0.177556231329684,,
980,1,0.1939565000067916,,
982,1,0.11478370799328635,,
990,1,0.22314264798386826,,
998,1,0.015045959781938357,,
1002,2,0.24709151422622022,,
1038,1,0.19660661874923052,,
1046,1,0.19310878040643514,,
1048,1,0.09245339914658601,,
1056,1,0.1962368444783071,,
1059,1,0.21936363393536604,,
1063,1,0.11149283170982535,,
1084,1,0.32747893327424915,,
1090,1,0.20543642471939294,,
1091,1,0.26446233500329064,,
1103,1,0.10393767425529894,,
1123,1,0.08060539968079733,,
1148,1,0.13899204684391214,,
1195,1,0.0297723457893779,,
1230,1,0.1899909079714956,,
1252,1,0.1761213023512104,,
1255,1,0.15213632337984342,,
1260,1,0.24179012507039205,,
1273,1,0.10302221546495074,,
1311,1,0.24498956166275437,,
1324,1,0.21402165666854067,,
1328,1,0.29224080862967783,,
1331,1,0.013676093557004955,,
1343,1,0.2190923452813689,,
1361,1,0.1880006134855255,,
1392,1,0.17075647776709968,,
1442,1,0.3358732870479122,,
1516,1,0.19542608108254678,,
1549,1,0.3228858019145648,,
1568,1,0.11684337642428656,,
1577,1,0.1734134503944194,,
1589,1,0.2627545662211512,,
1604,1,0.2240752056510411,,
1671,1,0.2985309568925478,,
1826,1,0.19760283981860394,,
1830,1,0.2051443170076651,,
1845,1,0.2257144919284782,,
1848,1,0.2169643131596042,,
1865,1,0.31137809064488864,,
1923,1,0.3381077643831476,,
1937,1,0.2682587995412551,,
1949,1,0.19302403628420134,,
2042,1,0.32095488556584306,,
2080,1,0.08153693571974291,,
2110,1,0.260452876721461,,
2140,1,0.1817573763176543,,
2147,1,0.14799619010032744,,
2262,1,0.17748813512421563,,
2319,1,0.19483247801726933,,
2327,1,0.2045932454708551,,
2435,1,0.15160320082488368,,
2490,1,0.16329271515414678,,
2695,1,0.19134575249842545,,
3079,1,0.14994621380293857,,
3313,1,0.22282167033772105,,
3330,1,0.24321671303538478,,
3358,1,0.31721115534232713,,
3394,1,0.23945490506734723,,
3584,1,0.18288935152852726,,
3765,1,0.1429661798527351,,
3807,1,0.23950098909344564,,
3915,1,0.18938204156403682,,
4021,1,0.018643184978466752,,
4176,1,0.22616541887084918,,
4182,1,0.1283204215144827,,
4350,1,0.2300285377399165,,
4387,1,0.30617545331869206,,
4558,1,0.39360542911170215,,
5397,1,0.11671119860906468,,
8451,1,0.14738883847791784,,
9028,1,0.2610768666489179,,
11528,1,0.10098367620537863,,
